cnae,qtd_contratos,valor_total
9512600,21,5972957.09
3600602,32,3971277.72
4930202,54,1803725.9999999998
4753900,157,1369983.03
4751201,318,1200431.3199999998
7319002,118,1045645.0799999997
8219999,70,820894.05
4322302,69,792201.2400000001
4530704,25,740987.0
4321500,86,722192.9800000001
4789007,179,660255.4099999999
8230001,54,592049.91
4543900,8,458566.6
4789099,94,410205.67
9329899,14,406195.81
