contratos_mei,contratos_total,share_contratos,valor_mei,valor_total,share_valor
3368.0,141652.0,0.02377657922231949,35814148.95,97507366142.04112,0.0003672968552737723
