uf,qtd_contratos,valor_total
PA,78,6809770.189999999
PR,244,3912054.9200000004
BA,222,3668973.840000001
SP,567,3132341.3800000018
RS,223,2150958.2900000005
MG,322,1942271.5199999993
GO,174,1742797.35
RJ,436,1712610.3399999994
PB,70,1405072.57
PE,97,1401485.37
